{
  "Ansi 1 Color" : {
    "Red Component" : 0.79607844352722168,
    "Color Space" : "sRGB",
    "Blue Component" : 0.3490196168422699,
    "Alpha Component" : 1,
    "Green Component" : 0.45490196347236633
  },
  "Tags" : [

  ],
  "Ansi 12 Color" : {
    "Red Component" : 0.49803921580314636,
    "Color Space" : "sRGB",
    "Blue Component" : 0.83529412746429443,
    "Alpha Component" : 1,
    "Green Component" : 0.52941179275512695
  },
  "Ansi 5 Color" : {
    "Red Component" : 0.74117648601531982,
    "Color Space" : "sRGB",
    "Blue Component" : 0.65882354974746704,
    "Alpha Component" : 1,
    "Green Component" : 0.44705882668495178
  },
  "Has Hotkey" : false,
  "Bold Color" : {
    "Red Component" : 0.7450980544090271,
    "Color Space" : "sRGB",
    "Blue Component" : 0.7450980544090271,
    "Alpha Component" : 1,
    "Green Component" : 0.7450980544090271
  },
  "Ansi 7 Color" : {
    "Red Component" : 1,
    "Color Space" : "sRGB",
    "Blue Component" : 0.92941176891326904,
    "Alpha Component" : 1,
    "Green Component" : 0.9686274528503418
  },
  "Ansi 8 Color" : {
    "Red Component" : 0.38823530077934265,
    "Color Space" : "sRGB",
    "Blue Component" : 0.38823530077934265,
    "Alpha Component" : 1,
    "Green Component" : 0.38823530077934265
  },
  "Ansi 9 Color" : {
    "Red Component" : 0.79607844352722168,
    "Color Space" : "sRGB",
    "Blue Component" : 0.3490196168422699,
    "Alpha Component" : 1,
    "Green Component" : 0.45490196347236633
  },
  "Rows" : 25,
  "Default Bookmark" : "No",
  "Horizontal Spacing" : 1,
  "Ansi 3 Color" : {
    "Red Component" : 0.63529413938522339,
    "Color Space" : "sRGB",
    "Blue Component" : 0.17647059261798859,
    "Alpha Component" : 1,
    "Green Component" : 0.56078433990478516
  },
  "Cursor Guide Color" : {
    "Red Component" : 0.20784313976764679,
    "Color Space" : "sRGB",
    "Blue Component" : 0.7764706015586853,
    "Alpha Component" : 0.25,
    "Green Component" : 0.60784316062927246
  },
  "Non-ASCII Anti Aliased" : true,
  "Use Bright Bold" : true,
  "Ansi 10 Color" : {
    "Red Component" : 0.27450981736183167,
    "Color Space" : "sRGB",
    "Blue Component" : 0.45098039507865906,
    "Alpha Component" : 1,
    "Green Component" : 0.64313727617263794
  },
  "Icon" : 0,
  "Ambiguous Double Width" : false,
  "Jobs to Ignore" : [
    "rlogin",
    "ssh",
    "slogin",
    "telnet"
  ],
  "Ansi 15 Color" : {
    "Red Component" : 1,
    "Color Space" : "sRGB",
    "Blue Component" : 0.9843137264251709,
    "Alpha Component" : 1,
    "Green Component" : 0.99215686321258545
  },
  "Foreground Color" : {
    "Red Component" : 0.56078433990478516,
    "Color Space" : "sRGB",
    "Blue Component" : 0.56078433990478516,
    "Alpha Component" : 1,
    "Green Component" : 0.56078433990478516
  },
  "Bound Hosts" : [

  ],
  "Working Directory" : "\/Users\/giwan\/Developer",
  "Blinking Cursor" : false,
  "Disable Window Resizing" : true,
  "Sync Title" : false,
  "Prompt Before Closing 2" : false,
  "BM Growl" : true,
  "Command" : "",
  "Description" : "Default",
  "Mouse Reporting" : false,
  "Screen" : -1,
  "Selection Color" : {
    "Red Component" : 0.94901961088180542,
    "Color Space" : "sRGB",
    "Blue Component" : 0.83137255907058716,
    "Alpha Component" : 1,
    "Green Component" : 0.90196079015731812
  },
  "Columns" : 80,
  "Idle Code" : 0,
  "Ansi 13 Color" : {
    "Red Component" : 0.74117648601531982,
    "Color Space" : "sRGB",
    "Blue Component" : 0.65882354974746704,
    "Alpha Component" : 1,
    "Green Component" : 0.44705882668495178
  },
  "Title Components" : 3,
  "Custom Command" : "No",
  "ASCII Anti Aliased" : true,
  "tmux Pane Title" : "Default",
  "Non Ascii Font" : "Monaco 12",
  "Vertical Spacing" : 1,
  "Use Bold Font" : true,
  "Option Key Sends" : 0,
  "Selected Text Color" : {
    "Red Component" : 0.56078433990478516,
    "Color Space" : "sRGB",
    "Blue Component" : 0.56078433990478516,
    "Alpha Component" : 1,
    "Green Component" : 0.56078433990478516
  },
  "Background Color" : {
    "Red Component" : 0.18823529779911041,
    "Color Space" : "sRGB",
    "Blue Component" : 0.21960784494876862,
    "Alpha Component" : 1,
    "Green Component" : 0.20000000298023224
  },
  "Character Encoding" : 4,
  "Ansi 11 Color" : {
    "Red Component" : 0.63529413938522339,
    "Color Space" : "sRGB",
    "Blue Component" : 0.17647059261798859,
    "Alpha Component" : 1,
    "Green Component" : 0.56078433990478516
  },
  "Use Italic Font" : true,
  "Unlimited Scrollback" : false,
  "Keyboard Map" : {
    "0xf700-0x260000" : {
      "Action" : 10,
      "Text" : "[1;6A"
    },
    "0x37-0x40000" : {
      "Action" : 11,
      "Text" : "0x1f"
    },
    "0x32-0x40000" : {
      "Action" : 11,
      "Text" : "0x00"
    },
    "0xf709-0x20000" : {
      "Action" : 10,
      "Text" : "[17;2~"
    },
    "0xf70c-0x20000" : {
      "Action" : 10,
      "Text" : "[20;2~"
    },
    "0xf729-0x20000" : {
      "Action" : 10,
      "Text" : "[1;2H"
    },
    "0xf72b-0x40000" : {
      "Action" : 10,
      "Text" : "[1;5F"
    },
    "0xf705-0x20000" : {
      "Action" : 10,
      "Text" : "[1;2Q"
    },
    "0xf703-0x260000" : {
      "Action" : 10,
      "Text" : "[1;6C"
    },
    "0xf700-0x220000" : {
      "Action" : 10,
      "Text" : "[1;2A"
    },
    "0xf701-0x280000" : {
      "Action" : 11,
      "Text" : "0x1b 0x1b 0x5b 0x42"
    },
    "0x38-0x40000" : {
      "Action" : 11,
      "Text" : "0x7f"
    },
    "0x33-0x40000" : {
      "Action" : 11,
      "Text" : "0x1b"
    },
    "0xf703-0x220000" : {
      "Action" : 10,
      "Text" : "[1;2C"
    },
    "0xf701-0x240000" : {
      "Action" : 10,
      "Text" : "[1;5B"
    },
    "0xf70d-0x20000" : {
      "Action" : 10,
      "Text" : "[21;2~"
    },
    "0xf702-0x260000" : {
      "Action" : 10,
      "Text" : "[1;6D"
    },
    "0xf729-0x40000" : {
      "Action" : 10,
      "Text" : "[1;5H"
    },
    "0xf706-0x20000" : {
      "Action" : 10,
      "Text" : "[1;2R"
    },
    "0x34-0x40000" : {
      "Action" : 11,
      "Text" : "0x1c"
    },
    "0xf700-0x280000" : {
      "Action" : 11,
      "Text" : "0x1b 0x1b 0x5b 0x41"
    },
    "0x2d-0x40000" : {
      "Action" : 11,
      "Text" : "0x1f"
    },
    "0xf70e-0x20000" : {
      "Action" : 10,
      "Text" : "[23;2~"
    },
    "0xf702-0x220000" : {
      "Action" : 10,
      "Text" : "[1;2D"
    },
    "0xf703-0x280000" : {
      "Action" : 11,
      "Text" : "0x1b 0x1b 0x5b 0x43"
    },
    "0xf700-0x240000" : {
      "Action" : 10,
      "Text" : "[1;5A"
    },
    "0xf707-0x20000" : {
      "Action" : 10,
      "Text" : "[1;2S"
    },
    "0xf70a-0x20000" : {
      "Action" : 10,
      "Text" : "[18;2~"
    },
    "0x35-0x40000" : {
      "Action" : 11,
      "Text" : "0x1d"
    },
    "0xf70f-0x20000" : {
      "Action" : 10,
      "Text" : "[24;2~"
    },
    "0xf703-0x240000" : {
      "Action" : 10,
      "Text" : "[1;5C"
    },
    "0xf701-0x260000" : {
      "Action" : 10,
      "Text" : "[1;6B"
    },
    "0xf702-0x280000" : {
      "Action" : 11,
      "Text" : "0x1b 0x1b 0x5b 0x44"
    },
    "0xf72b-0x20000" : {
      "Action" : 10,
      "Text" : "[1;2F"
    },
    "0x36-0x40000" : {
      "Action" : 11,
      "Text" : "0x1e"
    },
    "0xf708-0x20000" : {
      "Action" : 10,
      "Text" : "[15;2~"
    },
    "0xf701-0x220000" : {
      "Action" : 10,
      "Text" : "[1;2B"
    },
    "0xf70b-0x20000" : {
      "Action" : 10,
      "Text" : "[19;2~"
    },
    "0xf702-0x240000" : {
      "Action" : 10,
      "Text" : "[1;5D"
    },
    "0xf704-0x20000" : {
      "Action" : 10,
      "Text" : "[1;2P"
    }
  },
  "Window Type" : 0,
  "Blur Radius" : 9.7004659739847714,
  "Background Image Location" : "",
  "Blur" : true,
  "Badge Color" : {
    "Red Component" : 0.77254903316497803,
    "Color Space" : "sRGB",
    "Blue Component" : 0.30588236451148987,
    "Alpha Component" : 0.5,